Flow,X1,X2,X3,X4,X5,X6,X7,X8,X9
,0.0,0.4444444444444445,0.4600674915635546,0.0,0.4444444444444445,0.4600674915635546,0.0,0.4444444444444445,0.4600674915635546
,1.0,0.8888888888888888,0.8638920134983128,1.0,0.8888888888888888,0.8638920134983128,1.0,0.8888888888888888,0.8638920134983128
,0.0,0.5555555555555556,0.5680539932508437,0.0,0.5555555555555556,0.5680539932508437,0.0,0.5555555555555556,0.5680539932508437
5.0,,,,,,,,,
6.0,,,,,,,,,
9.0,,,,,,,,,
